{
    "mold_dimensions": {
        "x": 200.0,
        "y": 215.0
    },
    "epoxy_points": [
        {
            "id": 1,
            "x": 146.64227772344108,
            "y": 8.974394483800314,
            "removed": false
        },
        {
            "id": 2,
            "x": 181.6472562544185,
            "y": 9.729345393327115,
            "removed": false
        },
        {
            "id": 3,
            "x": 95.30450891132003,
            "y": 52.5307090150798,
            "removed": false
        }
    ]
}